campaign_id,app_id,year,month,day,total_impressions,total_clicks,total_spent
111,151,2013,11,12,2122255,22862,233
112,152,2014,7,4,4783271,20905,380
113,153,2014,3,28,1490226,4302,146
114,151,2014,1,2,4751612,7141,111
115,152,2014,5,17,3245319,21314,152
116,153,2014,1,31,4070958,1067,94
117,151,2014,1,23,1546100,2795,431
118,152,2014,7,17,1925474,4574,339
119,153,2014,2,5,1572366,8006,109
111,151,2014,7,26,3108899,24258,269
112,152,2014,2,15,1521388,15063,157
113,153,2014,8,18,3406119,6419,324
114,151,2014,5,1,2090378,23064,15
115,152,2013,8,31,2001887,10054,274
116,153,2013,9,25,2190040,4706,75
117,151,2014,2,20,4984593,17219,273
118,152,2013,9,29,4633512,3207,38
119,153,2013,11,14,4014114,13345,262
111,151,2013,12,20,2253695,10191,337
112,152,2014,6,10,4941356,10275,159
113,153,2014,4,2,4450897,1681,63
114,151,2013,10,22,3661237,23672,264
115,152,2014,5,20,1912333,1158,238
116,153,2014,5,26,4732217,9577,207
117,151,2014,3,7,1461530,17086,211
118,152,2014,6,12,1477433,9715,187
119,153,2014,8,9,3692572,5677,446
111,151,2013,11,18,3263977,20914,126
112,152,2013,12,8,4641552,2876,61
113,153,2013,12,26,4181296,7354,154
114,151,2014,7,28,1257587,3484,345
115,152,2013,9,13,3808788,7430,290
116,153,2014,2,7,2145564,16053,24
117,151,2014,2,18,2319185,2052,335
118,152,2013,12,24,3544890,11563,188
119,153,2013,9,17,3176648,16354,315
111,151,2014,7,27,1950517,2770,138
112,152,2013,11,28,3450159,9927,225
113,153,2013,9,30,1761887,22411,111
114,151,2013,12,15,4209683,24039,341
115,152,2014,7,10,2301243,11372,42
116,153,2014,1,20,3446984,9030,343
117,151,2014,2,13,2656130,17614,32
118,152,2013,9,24,3002778,2627,146
119,153,2014,8,12,1668930,2142,38
111,151,2014,7,27,2238847,13325,81
112,152,2014,8,12,4846277,8108,420
113,153,2013,11,3,4991204,19523,309
114,151,2013,9,10,2307319,4857,229
115,152,2014,3,14,2611880,21553,434
116,153,2014,6,26,4084009,22197,448
117,151,2013,12,25,1904312,12816,35
118,152,2014,7,19,4608228,24675,382
119,153,2013,10,2,4019293,13260,245
111,151,2014,8,13,2022438,3878,324
112,152,2014,3,3,1338651,18393,317
113,153,2013,9,30,1715278,22487,117
114,151,2013,9,29,4166147,15725,357
115,152,2014,2,5,2321814,22825,62
116,153,2014,4,20,3215195,6975,141
117,151,2014,2,24,3022930,11228,74
118,152,2014,3,17,3094673,19187,90
119,153,2013,12,13,2957476,5689,143
111,151,2014,1,17,4792002,18630,156
112,152,2014,5,27,1492681,5649,41
113,153,2013,9,20,3010053,17031,248
114,151,2013,11,7,2736126,24664,200
115,152,2014,2,3,2593941,10942,133
116,153,2014,2,10,3638843,7946,216
117,151,2014,6,21,3590854,4951,265
118,152,2014,2,27,1669336,23244,24
119,153,2014,5,9,3425455,23332,265
111,151,2014,4,29,3183095,3996,78
112,152,2014,2,10,1050763,24408,59
113,153,2013,9,21,3500968,14257,186
114,151,2014,2,27,1681976,11684,102
115,152,2014,9,5,2343715,3391,38
116,153,2014,7,21,1970537,23772,269
117,151,2013,9,30,3990640,5943,337
118,152,2014,1,10,4822172,11609,301
119,153,2014,7,2,3133437,7443,46
111,151,2014,5,31,3362465,10059,102
112,152,2014,5,29,2964884,1873,388
113,153,2013,9,1,2598983,18036,20
114,151,2014,1,24,1330039,16897,324
115,152,2014,2,25,4866239,19649,57
116,153,2014,6,16,4994501,17687,353
117,151,2014,6,20,1297844,18350,352
118,152,2014,8,31,1226290,11315,164
119,153,2013,12,9,2009291,15080,57
111,151,2013,9,11,1843320,14143,323
112,152,2014,2,7,3070103,9210,133
113,153,2013,10,26,1764320,8330,437
114,151,2013,8,22,1869373,9272,204
115,152,2014,6,19,1651963,13673,415
116,153,2014,3,6,3260072,22508,345
117,151,2014,5,20,3330066,12341,37
118,152,2014,7,2,2147950,21456,343
119,153,2014,5,24,2763561,16123,279
111,151,2013,12,21,2611232,2684,386
112,152,2014,1,2,2001121,23813,404
113,153,2014,5,6,4636711,18269,320
114,151,2014,3,31,4478618,14890,258
115,152,2014,3,28,4048445,20592,96
116,153,2014,5,1,4779770,1105,78
117,151,2014,1,7,1354396,9561,129
118,152,2014,4,7,2485256,4608,214
119,153,2014,1,13,2971664,3435,176
111,151,2014,6,25,3625989,4198,229
112,152,2014,4,1,2017646,17452,250
113,153,2013,12,30,1726635,22794,259
114,151,2014,6,26,4271838,15273,27
115,152,2014,5,14,4400032,4502,161
116,153,2014,9,2,4179414,19314,106
117,151,2014,6,6,4939632,9656,346
118,152,2014,2,5,2623480,13062,60
119,153,2014,2,21,1473738,20384,52
111,151,2013,11,7,3704176,8463,428
112,152,2013,9,30,2347152,2467,333
113,153,2013,12,29,2282389,11485,288
114,151,2014,8,17,1846631,23406,444
115,152,2013,9,23,4215551,6696,75
116,153,2014,4,13,2281362,14011,415
117,151,2014,3,29,3975793,5882,284
118,152,2013,12,7,4901617,4302,207
119,153,2014,6,12,3970262,23070,338
111,151,2014,6,17,1868801,11467,84
112,152,2013,12,15,3184726,9193,352
113,153,2013,8,25,2971829,16577,25
114,151,2013,10,22,2195074,1817,69
115,152,2013,10,14,2079538,22775,302
116,153,2014,3,6,4321585,13543,116
117,151,2014,5,3,1611739,20737,269
118,152,2014,4,27,3901466,23546,437
119,153,2013,11,27,3022708,18717,282
111,151,2014,7,18,2470762,20796,179
112,152,2014,2,19,1446206,18951,99
113,153,2014,1,13,4327064,1565,442
114,151,2014,8,14,1539699,6971,388
115,152,2014,3,27,4875489,17771,386
116,153,2014,1,16,2484941,20043,400
117,151,2014,1,28,1675702,1126,189
118,152,2014,4,2,3006414,8676,345
119,153,2013,11,17,2117243,14986,118
111,151,2014,5,1,1112255,15543,264
112,152,2014,6,22,1481029,9459,285
113,153,2014,5,19,3030733,9044,366
114,151,2014,3,17,4684510,12765,133
115,152,2014,7,5,3294230,16830,173
116,153,2014,2,7,2612256,18822,96
117,151,2014,5,26,2369942,11953,6
118,152,2013,9,10,4534299,17388,95
119,153,2013,10,9,4844637,18762,232
111,151,2014,1,19,1672331,24576,403
112,152,2014,4,16,2324250,18531,160
113,153,2014,3,1,2353529,2221,20
114,151,2014,4,26,3148233,8913,171
115,152,2013,11,9,4882112,3343,111
116,153,2014,6,2,2974933,7264,190
117,151,2014,7,6,3961101,23683,242
118,152,2013,10,19,4657088,23687,171
119,153,2014,7,17,1969951,9751,391
111,151,2014,7,27,3534016,24648,61
112,152,2014,7,17,2903654,2042,197
113,153,2013,10,26,3221109,15805,442
114,151,2014,6,29,2778625,16594,165
115,152,2013,9,13,3992887,6544,186
116,153,2013,12,27,1494885,10805,194
117,151,2014,3,18,4743215,20327,107
118,152,2014,8,2,4608370,20629,299
119,153,2014,3,14,2798210,5111,281
111,151,2014,5,16,1385641,21166,350
112,152,2014,1,8,2706606,17158,143
113,153,2014,7,14,3712186,1060,346
114,151,2014,5,17,4995812,22320,169
115,152,2014,7,7,3638435,16440,111
116,153,2013,9,17,2246113,12417,28
117,151,2014,7,12,4786730,6219,260
118,152,2014,8,4,4350536,8506,412
119,153,2014,8,17,4759438,8847,271
111,151,2013,11,2,2097779,9571,126
112,152,2014,4,18,3659005,15888,206
113,153,2014,1,23,3370186,4312,320
114,151,2014,8,1,3469313,10176,421
115,152,2014,8,7,4332235,3180,354
116,153,2014,2,21,2347673,24928,350
117,151,2014,7,12,1458738,24558,218
118,152,2014,6,5,4531209,23668,427
119,153,2014,3,13,4361704,22727,121
111,151,2014,3,18,1549891,5692,189
112,152,2013,8,20,3861320,2878,95
113,153,2013,12,23,2343678,20750,269
114,151,2014,6,16,3142512,8892,267
115,152,2014,4,13,1852182,21623,124
116,153,2014,8,3,4827773,17915,39
117,151,2014,8,25,3400663,6800,347
118,152,2013,12,21,2913354,3073,325
119,153,2014,4,21,1516085,13035,137
111,151,2013,12,15,1949898,7296,353
112,152,2014,1,30,3996247,24621,180
113,153,2014,4,18,2724766,3856,236
114,151,2013,9,7,4776221,9417,176
115,152,2014,2,11,4518522,9996,182
116,153,2014,4,25,3149385,8758,127
117,151,2014,3,7,4512803,20568,425
118,152,2014,4,17,2992067,12762,349
119,153,2014,4,12,4532184,2282,112
111,151,2014,9,10,2607278,17935,430
112,152,2013,8,28,3352317,2720,144
113,153,2014,2,24,3509413,24758,9
114,151,2013,9,3,4054967,19479,273
115,152,2013,9,27,2174583,2817,357
116,153,2014,5,27,2691101,11546,291
117,151,2014,2,18,3814585,18657,265
118,152,2013,10,25,4384981,11284,96
119,153,2013,12,9,4715174,16451,369
111,151,2013,8,27,4608885,4378,433
112,152,2014,3,2,3910885,8558,39
113,153,2013,12,18,4965828,19112,221
114,151,2014,4,18,1503090,3679,54
115,152,2014,1,4,1649151,15741,299
116,153,2014,4,26,3914875,10934,356
117,151,2014,6,23,4287580,5733,116
118,152,2014,9,5,2465708,3146,310
119,153,2014,5,30,2352230,7002,308
111,151,2014,3,23,3987803,11897,417
112,152,2014,3,3,1235398,10718,342
113,153,2014,3,18,2538694,18991,9
114,151,2014,3,21,1759794,17938,379
115,152,2014,2,2,4847719,24936,180
116,153,2014,8,4,1968718,19326,141
117,151,2014,6,10,4190340,20157,386
118,152,2013,10,12,2419978,18643,247
119,153,2013,10,13,2983076,21747,138
111,151,2014,3,10,4301388,20203,141
112,152,2014,7,24,1372791,2200,167
113,153,2014,1,28,3302014,11230,61
114,151,2014,4,25,1176405,23819,279
115,152,2013,9,23,2884033,24110,332
116,153,2014,7,26,1460793,14581,120
117,151,2013,12,4,4726935,5979,21
118,152,2014,1,14,3037777,4723,186
119,153,2014,7,29,2574024,7927,113
111,151,2014,9,3,1853119,19172,280
112,152,2014,4,28,4522955,14759,190
113,153,2014,2,17,2549250,5270,163
114,151,2014,3,9,1690471,13018,321
115,152,2013,9,4,1667587,14428,311
116,153,2013,8,23,3340304,20518,53
117,151,2013,10,14,3089808,23950,183
118,152,2014,7,5,2503318,22238,243
119,153,2014,4,13,1302049,20804,224
111,151,2014,3,23,1501874,8561,166
112,152,2013,10,15,3497750,10865,284
113,153,2014,6,9,3893998,20444,191
114,151,2014,3,24,4970559,11717,449
115,152,2013,10,25,4200302,12511,144
116,153,2013,8,30,2126820,5609,17
117,151,2014,1,10,3815083,18687,383
118,152,2014,4,6,1538936,19900,36
119,153,2014,3,20,4541419,1171,109
111,151,2014,9,10,2645828,18634,407
112,152,2014,8,23,3491964,5551,322
113,153,2014,7,1,1238323,3174,139
114,151,2014,8,13,1015321,2719,336
115,152,2014,6,21,4579007,4314,394
116,153,2014,7,23,2251339,6118,181
117,151,2014,1,29,1608656,20191,254
118,152,2014,1,14,1455039,4397,445
119,153,2013,8,31,1841568,14303,292
111,151,2014,1,15,3605994,6066,173
112,152,2013,10,5,1026502,15562,326
113,153,2014,5,22,3119150,14107,428
114,151,2014,3,8,2399471,24354,183
115,152,2014,1,28,3315728,19855,142
116,153,2013,11,22,4933013,1637,181
117,151,2014,8,15,1290395,4752,65
118,152,2013,12,23,3770699,7920,67
119,153,2014,5,5,1423015,1476,140
111,151,2014,8,18,4574561,6551,75
112,152,2013,8,25,4312925,23700,7
113,153,2013,11,13,2948962,11891,157
114,151,2014,7,23,2201060,21866,223
115,152,2014,8,25,3842371,5879,313
116,153,2013,11,6,1764696,16228,101
117,151,2014,8,8,2603234,1939,320
118,152,2013,9,3,2900591,24935,28
119,153,2014,2,11,4324031,3891,307
111,151,2013,10,22,1521276,24436,335
112,152,2014,4,29,4683566,9490,419
113,153,2013,11,3,2365952,9801,298
114,151,2014,7,24,3648855,2299,142
115,152,2014,1,23,1348226,22990,293
116,153,2014,9,5,3697865,19438,181
117,151,2014,1,6,4829467,24286,142
118,152,2013,9,10,3930330,5263,160
119,153,2014,1,15,3328126,6683,152
111,151,2014,2,14,1077333,5616,213
112,152,2013,9,10,1449354,22360,171
113,153,2014,3,3,2255409,23906,302
114,151,2013,11,17,1786008,9451,122
115,152,2014,9,4,2518048,22025,105
116,153,2014,3,6,3283154,22409,91
117,151,2014,3,29,4503118,20123,16
118,152,2013,9,12,4338881,15255,24
119,153,2013,11,15,3496861,2017,89
111,151,2013,12,24,2240201,11233,410
112,152,2013,8,20,1791433,9488,436
113,153,2013,10,1,4727368,6690,163
114,151,2014,4,30,1937753,4423,78
115,152,2014,9,1,3310286,20917,39
116,153,2014,6,20,3671701,14244,268
117,151,2014,8,3,4032390,16745,80
118,152,2013,12,13,3372039,7288,52
119,153,2013,10,4,3499886,21249,113
111,151,2014,8,10,2776923,20953,130
112,152,2013,12,29,1263534,9541,416
113,153,2014,6,10,2004135,9588,307
114,151,2014,1,26,4686820,14271,381
115,152,2014,8,30,1709464,4937,296
116,153,2014,8,14,1924267,15434,67
117,151,2014,6,12,4609466,3450,249
118,152,2013,9,16,1343084,13528,407
119,153,2013,12,14,3483991,9066,315
111,151,2013,11,17,2712601,24693,431
112,152,2013,11,20,2052350,24469,434
113,153,2014,1,4,1545782,22462,68
114,151,2014,4,21,1062872,23798,335
115,152,2013,11,20,2535967,2463,386
116,153,2013,12,21,1585025,18644,393
117,151,2014,8,21,2160883,10477,235
118,152,2014,4,6,2339592,4479,5
119,153,2014,6,11,1993633,18998,219
111,151,2014,7,9,1605976,7427,83
112,152,2014,8,14,3846329,6421,290
113,153,2014,8,24,2950872,15417,403
114,151,2013,8,31,1259006,1360,361
115,152,2014,3,21,2153889,5391,400
116,153,2013,10,5,4218257,9512,450
117,151,2013,12,7,3890608,7419,108
118,152,2014,3,18,4482942,12400,99
119,153,2013,8,26,2540544,20421,326
111,151,2013,12,10,2814452,6205,256
112,152,2014,2,12,4627134,9642,298
113,153,2014,4,14,2806272,21817,43
114,151,2014,4,20,4033242,6765,222
115,152,2013,11,30,2418251,2972,444
116,153,2014,7,2,4824621,14560,129
117,151,2014,7,8,1736250,19819,105
118,152,2014,3,17,4826780,11265,421
119,153,2013,10,23,2411983,9553,126
111,151,2013,10,31,2082722,10317,319
112,152,2014,5,23,3000310,17754,118
113,153,2013,10,10,4549177,21634,240
114,151,2014,5,31,3232338,24864,155
115,152,2013,12,19,2120997,11507,212
116,153,2014,4,18,3131331,15884,43
117,151,2014,3,15,3509907,13911,248
118,152,2014,3,24,1959768,7966,10
119,153,2014,7,9,4833181,17637,232
111,151,2014,3,21,1136815,20371,249
112,152,2014,8,19,2507971,21944,430
113,153,2013,9,6,3254966,20743,221
114,151,2013,10,1,4051136,19554,129
115,152,2014,9,11,2092575,15267,436
116,153,2013,9,3,2330615,17701,373
117,151,2014,1,2,3879718,18465,349
118,152,2014,8,12,4562440,2895,12
119,153,2014,5,28,1594531,11761,226
111,151,2014,8,13,1250903,17242,243
112,152,2014,1,17,4558148,11496,327
113,153,2014,6,30,4115043,18323,205
114,151,2013,11,7,3873182,3254,119
115,152,2014,3,20,1707542,8134,43
116,153,2013,10,24,3690590,24812,21
117,151,2013,10,29,1457267,10084,192
118,152,2014,3,13,3764263,4072,91
119,153,2013,9,4,3861472,6716,199
111,151,2014,7,8,3875196,1898,48
112,152,2013,10,31,3167862,24643,146
113,153,2013,8,26,3220396,22029,446
114,151,2014,8,26,3933065,19255,66
115,152,2013,11,30,3925438,4526,423
116,153,2014,5,18,3506884,8265,183
117,151,2014,7,23,2139699,12650,399
118,152,2014,9,11,4001578,17329,241
119,153,2013,12,10,1858845,4721,13
111,151,2013,12,4,4373474,5594,450
112,152,2014,9,1,4466277,3828,282
113,153,2013,12,28,1257421,11380,447
114,151,2014,6,2,4052670,9279,139
115,152,2014,8,22,2062665,12016,169
116,153,2013,11,26,4376367,7542,407
117,151,2013,11,14,2794649,24377,88
118,152,2014,8,7,2536464,15137,266
119,153,2014,7,10,2673282,24905,199
111,151,2014,7,24,1582871,9462,312
112,152,2014,3,3,2813814,20381,187
113,153,2014,9,8,4452657,9058,81
114,151,2014,7,13,1918479,13608,149
115,152,2014,9,5,4465359,8258,368
116,153,2014,2,16,2687308,16511,445
117,151,2014,8,20,4085993,9418,359
118,152,2014,6,27,2617988,1997,356
119,153,2014,6,20,4342155,11992,338
111,151,2014,3,14,3249869,15821,251
112,152,2013,10,14,4593319,18970,105
113,153,2014,1,20,4120862,23664,302
114,151,2014,7,21,1967367,11463,330
115,152,2014,3,22,4163214,12550,15
116,153,2014,8,10,4882978,7630,41
117,151,2014,3,29,3700447,24385,199
118,152,2014,4,1,1350964,18824,214
119,153,2014,9,7,3695552,13838,427
111,151,2013,11,26,1452694,18379,276
112,152,2013,12,3,2085056,17008,323
113,153,2013,9,7,1112160,24240,446
114,151,2014,5,7,1590208,21286,75
115,152,2014,5,17,1116628,6114,145
116,153,2014,5,15,4354993,1790,229
117,151,2014,5,31,4526192,22238,301
118,152,2013,10,9,3663125,20728,416
119,153,2013,12,20,4332183,17405,396
111,151,2014,6,21,2485134,20980,102
112,152,2014,3,31,2011798,1882,432
113,153,2014,8,20,2103490,7145,124
114,151,2014,4,15,1345216,17983,309
115,152,2014,1,17,1803197,11187,25
116,153,2014,7,1,2203036,11360,370
117,151,2013,9,28,3596094,8906,218
118,152,2013,11,1,4205796,10834,162
119,153,2014,4,1,1155476,9822,377
111,151,2014,5,17,4774936,1387,316
112,152,2014,4,12,1023903,23802,258
113,153,2013,9,19,1755741,23547,5
114,151,2014,3,14,4524303,8053,375
115,152,2014,8,26,3592773,21185,156
116,153,2013,9,15,3283240,5579,81
117,151,2013,12,14,2125726,19958,433
118,152,2014,3,24,4446380,14486,337
119,153,2013,10,1,4930820,15135,239
111,151,2013,12,15,3520903,10464,303
112,152,2014,8,13,4931818,4586,252
113,153,2013,11,17,2487307,22111,186
114,151,2014,4,24,3533230,19853,306
115,152,2014,7,28,4731197,22132,296
116,153,2014,8,13,2098721,8043,194
117,151,2014,4,1,1678754,10582,191
118,152,2014,5,2,2047682,9531,312
119,153,2013,11,16,3615896,9647,315
111,151,2013,11,25,1173337,22954,290
112,152,2013,10,4,4923536,22850,340
113,153,2014,1,21,2404266,6029,134
114,151,2014,6,23,1870060,22385,102
115,152,2014,4,30,4055740,6356,286
116,153,2014,7,1,2245685,10025,444
117,151,2014,8,13,4048164,18715,60
118,152,2014,5,9,3599303,13982,303
119,153,2014,1,19,1722545,18595,272
111,151,2014,4,8,3988658,6687,265
112,152,2014,3,24,2034822,13206,300
113,153,2014,4,12,4670225,20969,157
114,151,2014,4,8,4899655,10719,208
115,152,2014,7,11,4345975,5632,439
116,153,2013,10,25,2429746,9944,127
117,151,2014,8,29,2796061,7990,35
118,152,2013,11,24,1262590,24131,160
119,153,2014,3,24,1371300,13726,194
111,151,2013,12,18,3066333,7914,383
112,152,2014,9,10,3959322,1658,419
113,153,2014,8,13,1728965,14625,232
114,151,2014,3,10,1992420,24419,191
115,152,2014,9,8,4413964,12675,104
116,153,2014,3,29,1474169,15988,48
117,151,2014,1,18,3066085,10195,234
118,152,2014,4,7,3479012,6975,170
119,153,2014,7,24,3710735,23643,36
111,151,2014,5,24,3356441,17023,365
112,152,2013,11,16,1437593,20143,221
113,153,2014,5,19,4014552,1868,418
114,151,2014,9,4,1592194,16042,77
115,152,2013,11,23,2307922,23291,144
116,153,2014,1,25,2550644,13085,179
117,151,2014,5,23,4682214,17268,23
118,152,2013,12,15,1979520,21115,380
119,153,2013,8,23,1942169,14174,44
111,151,2014,3,27,4470431,17897,108
112,152,2014,9,2,3480615,9953,256
113,153,2014,8,3,4857173,6599,238
114,151,2014,5,21,2928792,2128,408
115,152,2013,12,28,4778021,5827,365
116,153,2014,6,28,4126866,21358,194
117,151,2013,12,24,2540660,2479,323
118,152,2014,5,15,2486431,12516,261
119,153,2014,9,1,3977770,8348,342
111,151,2013,8,19,2938652,11737,407
112,152,2013,9,29,3121698,24835,35
113,153,2014,2,26,2806819,6344,264
114,151,2013,11,20,3318365,7151,313
115,152,2014,6,12,3431873,3577,148
116,153,2014,5,31,1553230,1649,393
117,151,2014,4,18,2806772,12294,97
118,152,2013,9,29,1789019,4378,307
119,153,2013,12,5,1687401,21185,177
111,151,2014,8,30,4499596,23554,417
112,152,2014,8,29,3804231,23467,6
113,153,2014,1,19,4165430,23504,72
114,151,2014,1,27,2129744,3801,176
115,152,2013,12,9,3588866,6680,246
116,153,2013,10,26,2032049,3239,351
117,151,2014,9,2,1453636,9940,80
118,152,2014,7,13,1305514,13799,435
119,153,2014,1,24,4177735,1663,122
111,151,2014,5,31,2331068,11303,132
112,152,2014,4,5,3424835,4501,311
113,153,2013,11,21,4496722,11641,69
114,151,2014,4,15,3979084,24821,146
115,152,2014,4,11,2658780,7423,88
116,153,2014,4,8,3240353,12736,119
117,151,2014,4,19,4049591,10707,6
118,152,2014,7,23,1972958,6542,274
119,153,2014,4,12,3395215,12809,365
111,151,2013,10,18,3577067,19545,243
112,152,2013,12,16,4617681,10942,53
113,153,2014,8,25,1732743,15402,78
114,151,2014,6,1,3652532,20758,140
115,152,2014,7,10,2498280,19142,83
116,153,2014,9,7,3655201,19900,212
117,151,2014,8,9,3761009,9800,23
118,152,2014,1,7,2044911,4948,102
119,153,2014,7,8,3786249,1003,135
111,151,2013,9,17,4721110,5532,235
112,152,2013,12,28,3736995,23344,439
113,153,2014,7,26,2445314,1860,362
114,151,2014,5,30,2291704,2935,238
115,152,2013,11,3,1278516,6084,41
116,153,2014,4,8,1265796,17450,206
117,151,2013,10,27,1865043,24101,326
118,152,2014,4,15,3559544,18008,263
119,153,2013,8,25,2234771,24154,347
111,151,2013,9,11,3415981,4046,25
112,152,2014,6,30,2524728,8269,368
113,153,2014,5,3,3899537,22902,240
114,151,2014,3,24,3148228,12716,284
115,152,2013,9,18,2018637,21357,354
116,153,2014,4,5,4813828,9350,11
117,151,2013,12,26,4383989,11375,18
118,152,2014,7,1,3555788,18307,254
119,153,2013,10,21,3321551,7959,274
111,151,2014,5,23,2177536,18533,89
112,152,2014,4,11,2171582,7156,46
113,153,2013,9,10,1954423,12950,292
114,151,2013,12,27,2133575,9965,304
115,152,2014,1,30,3815581,5768,109
116,153,2014,7,18,3290096,22708,375
117,151,2013,12,31,4921943,18036,218
118,152,2013,10,5,4398891,11821,122
119,153,2014,8,11,1714905,13748,218
111,151,2013,9,12,4843849,9400,83
112,152,2014,7,25,2769598,21910,176
113,153,2014,7,10,2804503,8821,426
114,151,2014,6,16,1735579,14608,108
115,152,2013,12,7,2373176,24147,437
116,153,2014,5,25,1387170,24489,365
117,151,2013,10,30,1970039,4666,37
118,152,2013,9,21,2245505,12097,31
119,153,2014,8,21,3507153,3753,391
111,151,2014,6,17,1844732,15511,190
112,152,2014,7,19,2126148,13690,32
113,153,2014,9,11,2148301,4849,65
114,151,2014,5,25,3584451,24436,405
115,152,2013,12,27,3849357,13588,264
116,153,2014,3,5,1345178,7566,166
117,151,2013,12,28,1294009,9088,44
118,152,2013,12,23,4255372,1263,323
119,153,2013,8,31,3696752,13771,375
111,151,2014,5,28,2252478,14479,224
112,152,2014,3,6,3567498,8887,370
113,153,2014,4,12,4880315,2579,277
114,151,2013,11,23,4668480,8953,53
115,152,2013,11,25,2574805,15521,29
116,153,2014,2,14,2408609,1591,176
117,151,2014,4,24,4063659,2365,399
118,152,2014,4,11,3538973,4226,398
119,153,2013,9,13,3282775,18699,347
111,151,2014,4,27,2955680,8926,238
112,152,2013,11,16,2162145,2430,405
113,153,2013,11,29,2647447,12745,44
114,151,2014,3,15,3447609,6284,352
115,152,2013,12,25,4899515,19434,187
116,153,2014,8,16,2708727,10913,221
117,151,2013,10,3,3973791,8828,341
118,152,2014,2,23,3481265,13081,273
119,153,2014,1,4,1420066,16280,55
111,151,2014,4,10,1101735,3054,214
112,152,2014,6,5,2206133,20882,449
113,153,2013,9,7,3528273,18943,30
114,151,2014,1,22,2500716,21394,291
115,152,2013,12,24,2858612,21544,279
116,153,2013,12,30,3031011,10236,215
117,151,2014,7,9,2404560,24844,245
118,152,2014,4,27,4328657,6036,268
119,153,2014,5,9,3090574,14786,367
111,151,2014,4,6,3662410,7959,161
112,152,2014,7,27,1842433,15584,19
113,153,2014,3,19,2940283,1044,302
114,151,2014,2,12,4853624,22452,184
115,152,2013,9,10,2470336,9171,59
116,153,2013,12,14,4061720,23716,436
117,151,2014,4,23,3473907,2270,346
118,152,2014,4,25,1323258,1557,70
119,153,2014,8,6,4939306,20909,424
111,151,2014,7,22,4929888,15563,264
112,152,2014,4,11,1075644,1086,96
113,153,2014,1,16,2868924,24928,205
114,151,2013,11,7,1226208,15947,450
115,152,2014,7,27,4723272,23923,404
116,153,2014,1,7,2848911,10401,303
117,151,2013,10,19,1631971,13759,272
118,152,2014,2,17,2083848,18030,327
119,153,2014,9,11,2128661,13174,81
111,151,2014,8,7,4949567,6251,166
112,152,2014,3,3,2000042,5490,416
113,153,2014,5,22,2073766,4118,191
114,151,2013,11,21,4989083,4718,424
115,152,2013,10,19,3557972,2049,110
116,153,2013,9,15,4374109,23637,207
117,151,2013,11,7,1799168,7540,449
118,152,2013,10,13,3008332,13334,184
119,153,2013,10,19,4579708,3196,183
111,151,2014,9,3,1948705,16169,369
112,152,2013,9,26,1773350,24141,133
113,153,2014,1,22,4179630,18146,442
114,151,2014,5,20,2665065,4805,176
115,152,2014,6,4,1315612,9322,434
116,153,2013,9,9,2257218,5531,206
117,151,2013,9,7,3768373,7052,258
118,152,2014,7,16,1405507,20494,173
119,153,2014,4,9,1175703,11252,392
111,151,2013,10,15,1864865,22363,365
112,152,2013,8,20,1024557,12898,425
113,153,2014,8,27,2181096,22413,226
114,151,2014,8,2,3155159,21433,399
115,152,2014,1,10,2218109,9959,122
116,153,2013,9,12,1322221,5008,79
117,151,2014,5,13,2366915,12577,408
118,152,2014,8,18,1249859,23027,295
119,153,2013,10,6,2538224,18700,58
111,151,2014,6,5,1932798,23934,176
112,152,2014,6,22,2912858,6557,414
113,153,2014,5,3,2257553,16143,12
114,151,2014,1,2,3886503,13718,407
115,152,2014,7,10,4824862,18765,143
116,153,2014,5,16,2458931,5756,71
117,151,2014,9,6,2888434,6823,158
118,152,2014,9,8,4380893,6051,59
119,153,2014,1,12,3537260,2074,168
111,151,2013,8,26,3313052,10251,24
112,152,2014,7,2,4087653,12309,138
113,153,2014,5,26,2423863,8028,400
114,151,2014,5,7,1896480,7507,264
115,152,2014,3,5,4338344,21580,407
116,153,2014,7,26,4247571,19416,280
117,151,2014,1,5,3551738,8898,27
118,152,2013,9,5,4523351,7514,276
119,153,2013,11,21,1929414,2022,210
111,151,2013,10,16,1245642,2256,152
112,152,2014,4,19,4505468,23922,63
113,153,2014,6,22,4078385,12646,261
114,151,2013,9,27,2558904,1169,79
115,152,2014,7,23,3572599,16125,219
116,153,2014,2,15,2613386,20208,26
117,151,2014,8,20,1293421,15726,382
118,152,2014,7,22,1630647,14246,7
119,153,2014,4,21,3323730,24450,105
111,151,2013,10,22,2107078,6899,385
112,152,2014,8,15,4596799,8462,231
113,153,2014,6,12,3953853,3952,191
114,151,2013,10,8,1933234,21613,330
115,152,2014,4,14,4213992,24333,9
116,153,2014,5,6,1816728,23482,250
117,151,2013,10,19,4060024,23986,66
118,152,2014,2,12,2196674,20265,404
119,153,2014,3,1,1156934,6685,29
111,151,2013,11,14,4171870,7873,394
112,152,2014,8,4,3349757,17853,185
113,153,2014,3,7,4651011,18926,260
114,151,2014,7,20,2347818,16215,228
115,152,2013,9,2,2878438,3221,384
116,153,2014,6,13,3488620,20991,71
117,151,2014,4,7,2714521,12639,357
118,152,2014,7,12,3964312,16504,368
119,153,2013,10,15,1036433,3221,442
111,151,2014,1,23,2924987,9485,155
112,152,2014,3,4,1283936,7704,181
113,153,2014,2,22,1991145,14712,77
114,151,2013,9,24,4360322,5756,168
115,152,2013,11,18,4387999,17919,339
116,153,2014,7,25,2708799,4887,220
117,151,2014,3,19,2288918,12932,121
118,152,2014,7,24,3165329,15924,107
119,153,2014,2,3,3053724,14447,416
111,151,2013,10,16,3785313,16602,191
112,152,2013,11,24,2850417,10575,427
113,153,2014,6,9,3457833,21243,272
114,151,2014,1,29,4542593,21089,144
115,152,2014,3,7,1502996,13304,265
116,153,2014,3,15,1867898,11497,104
117,151,2013,9,23,3641669,3466,295
118,152,2014,9,7,1119288,11916,28
119,153,2014,4,17,4741819,16413,313
111,151,2013,12,2,4252245,24749,34
112,152,2013,11,17,1249587,14180,362
113,153,2014,5,31,3341961,21798,31
114,151,2014,2,21,3896516,4517,9
115,152,2013,8,31,2659817,20304,251
116,153,2014,4,28,3760808,8639,99
117,151,2013,8,26,1778861,18938,267
118,152,2014,1,8,4272833,9839,113
119,153,2013,10,30,4174642,17376,210
111,151,2013,8,20,3577902,7584,202
112,152,2013,11,4,4530480,14227,199
113,153,2013,9,3,2087533,21217,162
114,151,2014,4,24,2006218,3794,222
115,152,2014,7,1,3995286,5562,162
116,153,2013,12,9,4860166,16620,370
117,151,2014,4,12,4419403,11258,292
118,152,2014,1,20,3719982,22076,143
119,153,2014,2,28,4952339,14396,246
111,151,2014,3,10,4662679,9089,406
112,152,2013,11,15,3710174,23924,236
113,153,2013,8,28,2607394,17723,169
114,151,2013,11,11,3248170,4899,235
115,152,2014,2,4,2214840,16987,389
116,153,2014,1,31,2126654,24878,131
117,151,2014,4,5,2214168,2715,363
118,152,2013,12,14,2559759,13142,281
119,153,2013,11,13,1409348,3307,11
111,151,2014,2,28,1014086,12460,161
112,152,2013,12,4,1898278,22413,148
113,153,2014,7,12,2907748,11624,55
114,151,2014,5,27,3268743,10475,405
115,152,2013,9,2,3770741,1261,41
116,153,2014,2,5,3780837,15877,175
117,151,2013,10,29,3674510,20234,302
118,152,2014,4,4,4679863,5038,22
119,153,2014,4,19,3741984,17966,398
111,151,2014,1,18,1564389,4537,269
112,152,2014,2,11,2460657,21304,6
113,153,2014,2,10,2661877,14299,326
114,151,2013,10,9,2977216,12383,282
115,152,2013,9,22,4332597,7494,390
116,153,2014,4,4,4238554,15172,406
117,151,2013,10,18,2681899,20853,107
118,152,2014,4,30,1415435,4562,445
119,153,2014,6,7,1539582,12746,10
111,151,2014,8,6,4516268,16214,131
112,152,2014,5,7,1745373,6118,430
113,153,2013,12,17,2697998,6943,183
114,151,2014,7,8,4217884,13485,163
115,152,2014,4,14,4564689,23708,301
116,153,2013,10,28,2698973,24595,445
117,151,2013,9,3,4125473,21219,126
118,152,2014,8,18,4145889,2095,244
119,153,2013,10,24,4290763,15545,275
111,151,2014,7,10,1984172,9740,317
112,152,2014,9,9,1244768,3179,246
113,153,2014,4,30,2919250,13895,419
114,151,2014,3,1,3753442,1381,146
115,152,2014,5,3,1996943,24538,32
116,153,2013,12,17,1461106,22522,363
117,151,2014,6,2,2355577,3424,223
118,152,2013,11,21,3481666,7812,104
119,153,2014,1,5,3093671,18691,304
111,151,2013,9,14,2168701,1246,404
112,152,2014,6,11,1876583,7404,148
113,153,2013,10,17,2271456,10058,299
114,151,2014,2,27,4724493,4958,40
115,152,2013,11,18,3295730,13488,296
116,153,2014,4,6,3054835,20954,51
117,151,2014,4,17,2274508,9611,85
118,152,2014,6,11,4142894,3079,221
119,153,2013,10,19,1819504,19877,206
111,151,2013,11,26,2104846,11647,420
112,152,2013,12,27,3675584,20317,69
113,153,2014,3,5,3372774,14006,328
114,151,2013,9,24,3783987,1304,144
115,152,2014,7,28,3344215,2055,228
116,153,2013,11,21,4315245,12432,134
117,151,2014,6,20,1103265,23820,414
118,152,2014,8,16,4940643,1758,447
119,153,2014,8,29,2401500,15710,80
111,151,2014,5,1,4566275,19162,406
112,152,2013,9,9,4163656,24930,50
113,153,2014,8,4,1905325,12785,36
114,151,2014,3,26,3016805,9935,36
115,152,2013,12,7,2636411,19601,154
116,153,2014,3,6,2245826,23209,212
117,151,2014,4,25,3597576,11555,220
118,152,2014,6,21,1697014,2007,119
119,153,2014,4,27,4701896,1807,212
111,151,2013,10,3,3328988,18278,362
112,152,2014,5,31,3695932,2885,205
113,153,2013,9,7,4454121,11686,57
114,151,2014,1,12,4666167,21670,249
115,152,2014,3,8,2819439,5372,41
116,153,2013,8,22,2819156,18862,295
117,151,2013,10,18,4098906,19026,317
118,152,2013,12,30,2718378,19934,400
119,153,2014,3,11,2960085,18915,442
111,151,2014,7,26,3559251,2320,409
112,152,2014,1,30,1525358,19147,290
113,153,2013,10,7,4201826,21930,85
114,151,2013,10,11,1906225,7767,283
115,152,2013,8,31,4732072,12304,214
116,153,2014,2,15,3696705,10939,9
117,151,2014,2,15,1745495,17235,89
118,152,2014,5,11,2668333,23096,382
119,153,2014,2,20,1392725,4618,117
111,151,2013,10,8,1608228,11569,449
112,152,2014,2,25,4815468,22357,315
113,153,2014,3,21,3164171,3596,140
114,151,2014,2,24,1259713,8602,342
115,152,2014,9,5,4931902,3403,204
116,153,2013,9,7,4705849,22488,329
117,151,2013,9,26,3021113,8701,300
118,152,2013,10,18,2459084,1448,327
119,153,2014,3,12,3548382,3784,309
111,151,2014,7,19,4932341,17696,41
112,152,2013,9,24,3975489,17307,303
113,153,2013,12,20,3955786,17649,154
114,151,2014,9,5,2923601,22319,23
115,152,2013,8,21,2266995,10901,397
116,153,2014,5,16,2740304,9203,157
117,151,2013,9,3,3704417,1779,347
118,152,2013,12,7,1122256,13688,72
119,153,2014,1,11,3782287,13135,414
111,151,2014,7,12,1218581,17317,233
112,152,2014,9,2,2487909,5192,93
113,153,2013,10,28,1606529,20216,235
114,151,2014,3,13,1492348,7391,75
115,152,2014,8,14,1951071,15863,232
116,153,2014,1,21,4768315,1969,122
117,151,2013,9,5,3816047,12785,55
118,152,2013,10,17,2622481,10342,154
119,153,2014,5,11,4688058,3738,140
111,151,2014,6,18,3497978,8073,210
112,152,2014,4,14,4572864,20436,273
113,153,2013,12,31,1738023,7175,398
114,151,2014,6,19,2592176,18038,122
115,152,2014,5,25,2464838,10695,48
116,153,2014,2,11,1562118,20542,131
117,151,2013,10,1,1648769,18406,336
118,152,2013,11,15,3509197,6151,176
119,153,2013,11,6,3507740,21935,167
111,151,2014,6,26,4165436,15868,319
112,152,2013,9,17,3328753,6410,358
113,153,2013,12,31,1962803,22320,81
114,151,2014,1,2,4886389,17559,171
115,152,2013,11,10,2958216,9150,60
116,153,2014,1,19,4268422,4646,266
117,151,2013,9,20,3837213,2108,325
118,152,2013,10,30,3420341,11542,344
119,153,2013,8,28,3105422,14983,16
111,151,2013,10,21,3686137,3572,81
112,152,2014,7,9,3513702,5068,327
113,153,2014,1,2,4555658,2069,238
114,151,2014,8,22,4499694,23311,250
115,152,2013,10,13,2658928,9402,375
116,153,2014,7,27,2412048,17123,122
117,151,2014,6,10,4090932,5697,383
118,152,2013,12,25,4998297,23393,405
119,153,2013,8,19,3512837,7871,206
111,151,2014,4,17,1356584,14160,314
112,152,2014,7,4,1144380,3365,22
113,153,2013,12,11,4021267,23727,101
114,151,2014,1,23,4094214,18471,315
115,152,2014,8,6,3183525,10998,192
116,153,2014,3,18,2524478,3763,54
117,151,2014,7,2,2666782,5684,26
118,152,2013,9,9,4233278,15602,332
119,153,2014,3,13,1098623,17312,372
111,151,2014,3,2,3076258,9648,407
112,152,2014,5,27,2638081,4247,407
113,153,2014,5,3,4645568,17505,21
114,151,2014,3,16,2747637,17035,245
115,152,2014,7,10,1753958,23076,39
116,153,2014,7,18,4023626,16046,402
117,151,2014,7,4,1028748,2944,199
118,152,2014,3,26,4035984,21306,229
119,153,2013,8,22,2365018,22020,69
111,151,2014,8,25,2449033,19744,74
112,152,2014,2,2,3735898,20950,307
113,153,2013,9,10,1820194,11235,59
114,151,2014,3,15,1059785,15084,352
115,152,2014,8,4,4363659,14924,155
116,153,2013,9,17,4378520,8805,270
117,151,2014,2,6,3197528,8689,288
118,152,2014,6,30,2024629,21752,393
119,153,2013,10,29,1895789,8747,127
111,151,2014,3,21,1080360,2278,370
112,152,2014,1,15,4303713,12401,432
113,153,2013,9,10,2962167,5111,386
114,151,2014,3,24,4696758,23624,440
115,152,2013,11,3,4689431,10533,266
116,153,2014,3,22,1511917,4693,267
117,151,2014,5,25,2544669,12090,402
118,152,2013,10,9,4645068,22479,360
119,153,2014,1,28,1129116,4678,345
111,151,2014,2,8,4706439,20530,303
112,152,2014,1,27,1190237,23753,362
113,153,2014,7,25,2071016,15539,308
114,151,2014,5,24,1589067,12029,297
115,152,2013,10,11,4629096,13749,288
116,153,2014,4,16,2596791,7840,298
117,151,2014,9,9,3218187,10659,112
118,152,2014,3,1,1296186,8301,138
119,153,2014,3,29,4396272,2393,102
111,151,2013,11,30,1462800,11936,251
112,152,2014,6,8,2816536,24213,294
113,153,2014,1,9,2275229,6319,369
114,151,2014,7,6,3532398,23558,260
115,152,2014,7,31,4071739,19505,263
116,153,2014,2,26,2008346,14230,153
117,151,2014,8,6,3612621,15912,275
118,152,2014,1,31,4669794,17493,63
119,153,2014,3,2,3113207,20487,366
111,151,2013,10,23,1809220,11516,282
112,152,2014,8,7,2134527,11289,279
113,153,2013,11,19,1055567,22547,338
114,151,2013,10,28,1474528,10740,292
115,152,2014,4,26,4911788,9346,376
116,153,2014,3,3,4937867,18877,19
117,151,2014,1,11,1871674,4957,376
118,152,2014,7,11,2967070,20464,258
119,153,2013,12,4,3424504,3695,261
111,151,2013,8,25,2626238,16909,104
112,152,2014,7,18,1520334,4646,110
113,153,2014,7,5,3217921,4284,369
114,151,2013,11,24,4337326,10065,303
115,152,2014,1,8,3788990,14154,330
116,153,2013,12,21,4868950,2152,93
117,151,2013,12,17,3326022,20765,362
118,152,2013,10,6,3014401,2451,409
119,153,2014,4,13,2661071,5797,42
111,151,2013,11,26,1193204,16113,337
112,152,2013,12,12,3765673,1458,16
113,153,2014,2,5,1359733,23135,409
114,151,2014,1,24,2550128,13490,37
115,152,2014,8,8,2932894,13258,75
116,153,2013,12,17,3162409,24632,66
117,151,2014,2,26,2128000,2018,390
118,152,2013,9,27,3863289,17355,397
119,153,2014,6,1,1762283,5530,177
111,151,2014,6,22,4827754,16034,220
112,152,2014,7,3,3055434,3991,63
113,153,2014,1,25,2055301,6290,72
114,151,2013,8,28,3313229,10562,65
115,152,2014,6,2,2477333,15260,297
116,153,2014,4,7,3294070,22563,425
117,151,2014,6,1,4891984,17336,186
118,152,2014,7,11,1885405,4908,45
119,153,2014,1,22,4647053,24111,335
111,151,2014,7,16,1217732,17549,211
112,152,2013,11,24,1174047,19381,146
113,153,2013,9,22,1720020,4673,371
114,151,2014,5,26,3846419,22829,13
115,152,2014,7,28,4297022,4467,107
116,153,2014,5,17,4382168,2629,50
117,151,2014,9,6,2050911,20657,233
118,152,2014,5,17,2095829,11080,23
119,153,2013,11,19,1243968,21599,287
111,151,2014,3,19,1622014,11223,127
112,152,2013,9,22,3365040,7662,118
113,153,2013,9,21,3574883,16621,145
114,151,2013,9,11,1371278,5824,175
115,152,2014,1,29,3151530,19939,294
116,153,2014,4,17,2326732,5044,417
117,151,2014,1,30,4869968,10429,287
118,152,2014,4,24,3219734,23728,345
119,153,2014,9,4,3880043,8754,298
111,151,2014,9,5,4376029,7433,77
112,152,2014,9,2,1319345,24293,17
113,153,2014,2,26,1737097,11324,10
114,151,2014,2,6,1921685,6827,356
115,152,2014,8,17,3268394,3240,57
116,153,2014,4,5,4039419,23865,429
117,151,2014,8,24,1791964,14387,386
118,152,2014,7,16,1549474,14921,415
119,153,2014,5,12,1597882,12542,289
111,151,2013,9,12,2525713,12265,69
112,152,2014,7,22,3019801,7941,415
113,153,2014,3,13,4297001,10374,344
114,151,2013,9,3,4592823,3802,162
115,152,2014,8,19,4357099,19525,319
116,153,2014,8,9,4253322,22261,384
117,151,2014,4,18,2696547,24089,223
118,152,2014,8,2,2652735,15048,190
119,153,2014,8,6,1830205,10394,369
111,151,2014,7,10,2615001,4637,197